"SHIP_ID","NAME","CAPACITY","IS_DELETED"
"001c756f-2f62-47de-bc6e-5de82b990eb0","Low Sphagnum",193570,0
"01a3ccb7-a59f-4598-86d8-32eb49f79303","Velezia",128063,0
"01bcb747-d717-4eaa-98ef-56b3d75736ae","Singlelobe Twinsorus Fern",38059,0
"01e27409-fba5-47c3-b12a-8ee0a4e21558","Taylor's Fawnlily",132987,0
"02346b4a-cc50-4c21-a561-efee0f006e46","Birdnest Fern",193247,0
"028482b4-8e46-4a49-808d-8be7425044c6","Pussytoes Eggyolk Lichen",98256,0
"02b8cc76-f864-4556-a88e-e1956013b98b","Tobacco Root",227475,0
"02f66aa1-cb48-4dca-b6e3-0549b8276741","Roundleaf Geranium",145742,0
"02f8aff9-ada7-4311-90e0-b7f256a08ef5","Hebe",99181,0
"02fbd927-2f66-47e4-b631-c05369f36e8c","Rocky Mountain Fescue",183439,0
"0392950b-5fdf-4e4c-bc20-3fddf10dbd12","Featherweed",85628,0
"048f40ab-7241-4780-9f8b-20c3a324757a","Mississippi Sphagnum",240278,0
"052c6aca-a894-4bff-9587-f778e2758c52","Alpine Slender Buckwheat",99533,0
"052f896b-750f-4842-865a-3a9cd9d48a56","Correll's Bluet",154875,0
"05f07690-95f4-4800-a8f9-8e229b740327","Awalua Ridge Tetramolopium",207294,0
"05f5522a-b3c8-4511-a1b8-e51bb201a8f2","Cutleaf Cinquefoil",87585,0
"065514a9-bdee-4754-b07a-65bf93665566","Whorled Milkwort",226502,0
"065fb0ec-2882-4dc1-9c4c-12f7221bda5f","Alpine Mirrorplant",234953,0
"06eff175-df82-4274-afa3-186f181c1ddd","Small-leaf Bentgrass",39909,0
"070a459a-0e1b-4486-813d-db00e5ce53ff","Houseleek",161904,0
"071c787c-37bb-45a9-a610-f663d2468aad","Cascade Aster",101869,0
"073ab84e-16ec-4ab1-8717-fbbd94ef1677","Albizia",58848,0
"07b6eb0d-e2a0-4f56-ac7f-92fb34aa7191","Longrunner",90518,0
"07d1c2ae-a2e3-4ae4-b06e-3fd825b57a76","Isolated Blazingstar",93403,0
"08495395-d26d-4683-9e0c-fc9a0203e6b0","Largeflower Spike-primrose",174572,0
"088294b1-492d-4801-8ae4-c40eae60ae4f","Twisted Airplant",67183,0
"08b06176-6e9e-4755-a884-783c6c9ccd48","Nikko Fir",44349,0
"08b38a1f-22c4-4295-b2e0-1b84db74670d","Lugard's Clover",39937,0
"08d38745-2f48-4271-a2a0-157d77a2c271","Puerto Rico Copperleaf",35375,0
"0a36f57c-5801-42ed-a6f3-3100d9c3db2f","Cherokee Rose",215937,0
"0a7f521b-7c00-4a00-912d-ab2487a1346a","Goldentop",50380,0
"0a896d20-a344-45de-86bb-ee1eb62810d2","Pocono Plateau Dewberry",136436,0
"0b006dfc-1f6a-400d-9d28-98eaa07511d5","Bartramia Moss",53857,0
"0b570b46-f598-4d7e-9572-52d696974dbc","Gulf Graytwig",247760,0
"0b9fd00a-0b17-4b42-a087-85fe951c7e2d","Myers' Pincushionplant",85034,0
"0ba82ffc-20a5-495a-a6f3-c9a2ec1e12ee","Alligatorlily",183790,0
"0bf08846-fcc1-4009-8123-3a456322673e","Star Clover",183841,0
"0bf196a3-4a0f-405e-8c80-9fffb15a5d56","Narrowleaf Wirelettuce",142724,0
"0c4a41f0-ae57-4b26-b233-58953f550c4b","Whitestem Frasera",120867,0
"0c4de7a7-7845-41c5-a8d2-4618decbf4bb","Brushpea",179893,0
"0c5a9c82-1cd5-45d5-acee-6a6f06558bc8","Frost Grape",152143,0
"0e0845be-baff-43d5-add4-96c6d69d7b9d","Obtuseleaf Fissidens Moss",151988,0
"0e19582f-6f2f-4e72-be9e-4a3b845d2317","Mediterranean Tapeweed",156531,0
"0ef1ee2a-7176-4c32-bc02-001c0ed8ee99","Nevin's Gilia",85280,0
"0f0a63ff-20b9-4cef-a19c-3d8ecbac4ee8","Mexican-blue",47472,0
"0f7e8a4b-8618-4024-a64c-3b6ac516508d","Rocoto",217250,0
"0f985c6a-e022-42b5-a8c1-0e5fbe2f6753","Switchgrass",69616,0
"0fc7332f-450c-4dcd-acfd-ef42daaa7e19","Large Watergrass",84949,0
"0fe5d56a-f024-41a3-9e8b-ea437b1ebee6","Bladderpod",104203,0
"10026e40-529f-4121-a377-34c09f11ba8f","Pine Barren Sedge",149096,0
"1039de3b-0ee9-4f11-bfdc-5c558d3adfdd","Purple False Brome",110530,0
"1080c6fa-892e-4bd2-9f34-92eedf4dca83","Creeping Buttercup",119047,0
"1083f354-405d-4c97-9f28-2d4a0085a70b","Silkleaf",36552,0
"1126cfac-b637-44c7-9c12-7f0a0a4b1ab2","Cracked Lichen",52518,0
"11cbb1b2-6afc-4508-aaed-9c0342baa2b6","Exocarpos",171184,0
"1269715f-e107-4e08-a7bc-59cf9014363a","Savannah Milkweed",198785,0
"12a3fa1d-a693-45aa-930d-d4b013c48f32","Twolobe Speedwell",157293,0
"12de001d-0422-4459-8626-9ec94b743790","Shortstalk False Bindweed",215407,0
"13627336-2576-4091-bbc4-1ccbd43b7638","Church's Wildrye",68947,0
"1397ed65-28b3-4a6a-8708-c9f7f7ab2068","Creole Tea",124880,0
"1404c02a-fe79-4361-9b9d-4c94286d9f80","Orthotrichum Moss",122706,0
"147dd34f-d0ab-4222-8dba-aa17a632d5c8","Catnip Noseburn",105354,0
"1510d47e-21db-4db0-9ddf-0a50be0a4fc3","Ovate Marsh Fern",57929,0
"1522e248-e62a-423a-9336-62b5333fe40d","Lindheimer's Morning-glory",175940,0
"154165fc-aa55-4b4e-af88-8ee650449668","Serpentine Manzanita",130980,0
"15419e15-ee86-435e-b14f-1e7870d1b4f7","Cynodontium Moss",38676,0
"155b7b2b-f031-45a3-85cf-16e02e244195","Fringed Spiderflower",177496,0
"16ab0311-87b6-421b-a293-68ff8676eeb5","Skullcap",127077,0
"16c31c84-0cb2-4147-a443-39930016729d","Lapland Polysporina Lichen",140819,0
"170a0cfc-b82b-4edd-80d0-5a8117244b57","Lespedeza",196021,0
"173413e1-926a-479d-9d4a-7e7207efa609","Spiny Fameflower",246878,0
"177c1896-796a-4244-aadc-17fb89fcf027","Hairy-fruit Spurge",125338,0
"17c103e1-0132-43b1-8a49-04aa78ddd9d0","Purdie's Nutrush",104187,0
"18cc4236-b507-49f2-9365-de1be70e4861","Indian Shot",62523,0
"18e9b471-08bf-4f8b-aba7-4f623373f622","Earleaf Brickellbush",154621,0
"19012cbe-ee35-4dca-8109-daf4613a1b23","Tortula Moss",221201,0
"19caa660-e677-44ea-a22c-e5dc26bd0b8f","Nakedflower Ticktrefoil",78947,0
"1ae4662a-fbd6-4228-9e90-ed16146a0a2c","Maui Labordia",60902,0
"1af2a0fd-b719-4b69-b7db-53c0336941c7","Brandegee's Tansyaster",185616,0
"1b178cbd-3ed4-45cc-b17a-273e056bb507","Ragweed",232638,0
"1b49861f-cb59-4582-80d5-46787389b5ca","Silverleaf Milkvetch",39470,0
"1b4b9324-fd4a-44fe-b111-630d847172d5","Limber Pine Dwarf Mistletoe",69335,0
"1b53604d-b0b6-4374-bfdc-043edb24b311","Henderson's Fawnlily",108801,0
"1b6a172f-c116-4cf6-a233-04965462e7f8","Chinese Pistache",186346,0
"1bd9f952-7031-473b-9df3-0392313919f6","Waianaeuka Cyrtandra",107316,0
"1ca66368-f620-48f2-99f7-5d2b613dc461","Tuberous Desert-chicory",37388,0
"1dc3ace0-479c-4cb4-a431-06095eba682e","Orcutt's Quillwort",59971,0
"1df85bb7-bdc8-45a5-9914-04a440b186f0","Chalice Vine",87021,0
"1dfb9d89-61c7-4141-941f-0b0e33ef5134","St. Thomas Bean",244551,0
"1e75eb11-78e1-44d8-86c3-9d3c9092a0da","Serrate Dung Moss",54769,0
"1e774583-f741-4550-a4e4-b694332c41ae","Pinewoods Spiderwort",134242,0
"1ec0743a-ae41-4cb6-96bc-7332a9b17ed9","American Cranberrybush",88932,0
"1f3754a4-2b43-4a49-a31e-57045425af39","Carolina Desert-thorn",131733,0
"1f4cc25c-5cb4-4bab-af23-483f97182a14","Rockyscree False Goldenaster",40412,0
"1fc85bfe-27bb-4293-bcd1-4ddabbe66f6f","Lomagramma",148117,0
"1fdb3c28-bda3-49c2-9742-ac5ee64c5274","Water-gum",163153,0
"1fe231cb-9868-40cb-a7d7-f825a980eb67","Chusquea Bamboo",232725,0
"208fe9b9-fc34-4349-b389-d5fbaf600088","Mountain Sage",169278,0
"20b3ead9-caa3-421a-933f-319f4ce6b896","Licorice",130058,0
"20dae1fc-4620-499a-9213-6f1814bfd7fe","Canby's Biscuitroot",156669,0
"20f0b9b2-fff1-4776-b768-555f2ecfcd9b","Bellyache Bush",104323,0
"21116d34-96c3-4d9b-9171-3688b7d18bbb","Redbox",220183,0
"21277a04-282a-4ff6-b5d9-3983a5cfef82","San Clemente Island Buckwheat",183989,0
"21d61983-4537-4537-8e7d-b04448e684ab","Noronhia",124587,0
"220329ed-bb9b-46ed-92f0-f11988e3044c","Chalice Lichen",222574,0
"22f83ec8-f8d6-4245-b4b7-97bf0db79d3b","Alaskan Glacier Buttercup",119267,0
"22fee4d6-d782-43b4-95c6-b4d2ebd597b0","Devils Canyon Muhly",213001,0
"2326c2d2-a3d0-4e37-964f-08e3c8676c5d","Jointgrass",138699,0
"23aaa906-7872-4e28-ace8-179073677760","Mt. Tamalpais Lessingia",211859,0
"23fed18d-595b-4a54-9a1a-bc6623b44e1d","Stalkleaf Murainagrass",141106,0
"241e3eb0-96cf-4c21-a036-98d9d116668f","Longleaf Camphorweed",140231,0
"24768f39-3fec-4f72-b42d-6e3d509d6a96","Bush Vetch",105118,0
"24df1db5-5013-4d88-96ab-4e68b092647c","Buckley's Spiderwort",122054,0
"2527636d-3d94-4dea-8259-18ed302b21d5","Chinese-quince",223604,0
"25423689-8dec-4b62-909f-a4c0f6fa3315","Lavender Cotton",123904,0
"261c4171-130d-490c-a8b0-49e1b3cc3143","Dotseed Plantain",212379,0
"267556e1-b5e5-46be-b54f-194190a1691c","Manatee Beaksedge",216674,0
"26badb7d-e7bd-4e7f-80d6-be5fd59d2840","Seacliff Tetramolopium",75186,0
"26d8e1c6-aec3-487f-82f4-467e6df7e8cf","Blue Mudplantain",101666,0
"27594bc7-3a7c-4a44-a9f7-560c2d0c2f81","Abrus",101683,0
"27cb050b-158e-4862-acba-d4f9169ad382","Tufted Alpine Saxifrage",62047,0
"27db1a7e-0eef-49ea-b8b9-0158a0193a43","Polyantha Rose",126221,0
"2823a348-668a-4128-8378-597a1dea3719","Alpine Smelowskia",121810,0
"28350179-2923-45e5-b107-b7630f47d0de","Drooping She-oak",126044,0
"2867e4f8-c268-4f77-b71a-372a30a28faa","Whorlgrass",186323,0
"286baa7d-ce86-494e-8fd3-e76139bd9b90","Climacium Moss",59588,0
"287ede0d-12ad-4836-99de-73601f44b3dc","Lanceleaf Anoda",182175,0
"2967a082-2560-41d4-a921-eb03ceb3a65a","Oppositeleaf Spotflower",138124,0
"2a25a583-c93b-448a-90ca-2c2e17532235","Brittlebush",169268,0
"2a3d9838-242c-42c0-98b5-0c0136430f1f","Lanai Panicgrass",204392,0
"2a97081f-bdbb-405d-92c0-2007e95e00c0","Rubber Rabbitbrush",97152,0
"2abd3ec4-aae9-4174-a45c-1d112057e443","Florida Strangler Fig",42422,0
"2b05d9e9-7914-49b1-818d-02b5da0c77f1","Canadian Plum",193039,0
"2b1d0c85-e488-4976-a190-540dec72dd43","Hybrid Violet",89252,0
"2bdb7111-d4c7-4ead-a5d9-f47ee088f2fb","Brassavola",247970,0
"2c627fdd-511f-4596-a563-c93e128a1019","Winged Panicgrass",83916,0
"2c77a905-63d7-48b2-b034-3637f6b9d89d","Fernleaf False Candytuft",69354,0
"2c876116-c7dd-4bc8-bb84-0e1cee6963a7","Sumac",161950,0
"2ccb52fb-6c4b-4282-a14f-ae6245c709ab","Saskatoon Serviceberry",69573,0
"2d18ac0f-7e99-4eb3-87fa-f3c733413a98","Bodie Hills Rockcress",194638,0
"2d770b26-2685-4574-a957-fb461cd31b77","El Dorado Bedstraw",219711,0
"2dbb7454-6796-46e8-af5d-0ca4f9ba473c","Black Mullein",60671,0
"2edc9c08-022b-4f35-be93-c53f0001d34e","Largeglume Bluegrass",76679,0
"2f5375b6-915c-4fb3-89ce-8e3e36e7b6a3","Wideleaf Dicranum Moss",154273,0
"2f7737be-f02b-4331-b5dd-98771202817d","Toothed Spurge",153283,0
"2f957062-eb09-4336-b5b4-cd78ddaa5206","Smooth Ticktrefoil",198569,0
"2fa42895-061a-47d5-a9cb-39af2f1946ce","Melanelia Lichen",96842,0
"2fe614ce-41e3-4866-b5fb-e425622367f8","Smokebush",147177,0
"308a3d31-0506-417e-9a87-fa3c648dcfe0","Spearleaf Buckwheat",185164,0
"313259d8-8d7c-482f-8f1f-877549d15d0b","Red Ironbark",156740,0
"31f25fea-2653-4421-8c8b-2b3665fd915d","Texas Lupine",89777,0
"3224b4e6-0cc0-456a-9d86-bb5bd65b3ae4","Cucubano",166781,0
"330b813e-4e96-4fe1-ae25-b7607c7bf6d8","Osmunda",206072,0
"331eac19-d93c-4bcd-ae1a-b6c227b3cc25","Broomcorn Millet",96104,0
"3354f83c-3121-4a14-b1d2-c0459d59bc90","Chocolate Chip Lichen",124877,0
"34473f1d-4a36-438a-a127-518e3d33fcd2","Swamp Fly Honeysuckle",51572,0
"34487262-4bee-4679-ad65-383268474227","Big Tarweed",120193,0
"35a82629-6e70-4d5d-808c-5a4a73f81564","Menzies' Campion",202321,0
"35e32ad4-ec7a-4fea-9352-3547c932a987","Wisley Barberry",159058,0
"36558639-3665-4ae9-ad50-b6e11b0d6845","Gisekia",171434,0
"36e07f15-6823-4704-952f-d46153b0b292","Eastern Gray Beardtongue",125626,0
"3783681e-bf36-40c6-9fbb-2c0e3325648e","Andrews' Blackberry",198204,0
"3806bde3-cbb6-416d-9a84-7dc314451203","Shield Lichen",241016,0
"38334957-6448-47c7-9611-2601c6f692a5","Common Woodrush",73911,0
"38d40e6a-503f-49b0-a1d9-68262bf52dac","Leafy False Goldenweed",38574,0
"396a2636-cd5e-45c6-b26c-098cca52059e","Chinese Sumac",38091,0
"397c604e-e49f-4d94-aa5c-32e9fc6547fc","Limestone Pappusgrass",235460,0
"39ab9532-e9f7-4712-8949-bca7bff21d91","Henderson's Triteleia",63973,0
"3a4af660-6dc1-41e4-8170-ad6c5eb7668d","Lesser Baby Innocence",197287,0
"3a5b0d32-baa3-444b-90e7-5802ed6db2c7","Upright Prairie Coneflower",232940,0
"3a8f71be-ba64-46da-ac87-94bc0b19bb94","New Mexico Alumroot",165781,0
"3b631cd6-fca2-4fee-9c05-102fff8ad82e","Surinam Cherry",197644,0
"3bc3dc07-77b8-4f3d-9269-edc1ed3e81ed","Chinese Raspwort",46091,0
"3bdb8a7a-a46f-4a43-95e1-6187218d271c","Limewater Brookweed",190394,0
"3c1c88c8-0f3e-4a77-8328-cf420e615cc7","Granular Lichen",148188,0
"3ccfbec8-1044-42cc-9520-63d8c198e598","Spreading Liverseed Grass",237871,0
"3ce62f17-3bf5-4516-9361-8343cfd4fd74","Common Hoptree",178101,0
"3d1479d8-a261-4eb8-aeda-fa9f0549eb73","Pacific Buttercup",232021,0
"3d28ce44-cdc8-413b-8daa-c639175983c7","Twinflower",152764,0
"3dcc6454-d00b-4af2-9151-5a1eef502a50","Berlandier's Sundrops",198110,0
"3ddac4b2-846c-43f8-b5a7-22159eba652b","Grimmia Dry Rock Moss",241461,0
"3dddb9dd-752c-473f-aa93-711996fd4e7c","Icegrass",163235,0
"3e2ccb6d-75d4-4c92-a285-dbd7418b9e58","San Luis Obispo Spineflower",242834,0
"3e30e8de-9489-4d38-a75f-3acc74b09f7f","Farkleberry",225777,0
"3e3f3861-c38f-4d6f-88af-3036be688dc6","Hawai'i Silversword",115343,0
"3e5d166a-cbbb-435f-89ea-85b4ba5b3dd6","Klamath Iris",161238,0
"3e61d3b2-69f3-4f88-83b6-57f95482c7cd","Stelechocarpus",97698,0
"3e698ed9-1104-4734-890f-95c3531a0498","Kopiko 'ula",186827,0
"3e9a768d-ad69-4043-9b5a-2429d513a989","Puerto Rico Devilbrush",201852,0
"3ec45324-e777-4cd4-9090-5f4b0d73844a","Purple Sage",242287,0
"3f2ae282-832d-4251-88d7-b186fdfa663e","Gray Field Speedwell",50488,0
"3f4fd884-1ca4-4098-b33f-cfebd3faefd4","Desert Goldenrod",146974,0
"3f4fe02b-9fa5-42d9-a4df-fe92b7885363","Eranthemum",239748,0
"403b4499-0587-4d20-8bb2-2023e373c9ca","Valley Sedge",139868,0
"412512de-9b12-4448-ba3f-42b1e8ae36d3","Whitetassels",62816,0
"4141e015-56bc-4320-9fa2-09f29ebad9e5","Calammophila",177802,0
"42657134-23f2-46df-80ec-1aa5ac16b958","Cornish Mallow",55571,0
"428b843f-cbc6-4301-9558-cbc7ab0bea74","Phaeographis",63442,0
"429a13ff-7ea9-431a-84d8-689f6b26c132","Giradol",116149,0
"43185c11-2a72-434a-9934-b6edcd9d21bc","Toothed Midsorus Fern",171213,0
"44308dd1-1c83-4ca8-9d74-1c1fdf4527d7","Parry's Gentian",189772,0
"448527ac-75c0-4696-b58a-102f31f7ccdc","Daylily",52677,0
"45b8876a-72f1-4683-8654-c68fa2d5f271","Lesser Meadow-rue",217445,0
"45cb24bb-2c4e-484b-991e-a6f4eabea061","Desert Thorn-apple",40810,0
"46c3bdbe-51ee-4e5b-8750-f01560dc8a51","Mountain Blue Penstemon",97491,0
"46efe290-56f0-4bfc-b32a-43f1effe911c","Kaweah Lakes Fawnlily",163088,0
"4786e36b-1a23-487e-b4f4-cd39628aad3f","Violet Tree",203099,0
"483f47be-81c2-4af3-9ea5-17bb30b7c617","Rockfringe",197452,0
"484209bf-5b5f-47e5-acd7-6f39e908a658","Amberique-bean",178430,0
"49293532-e11f-4060-b54b-bcc150a1b50c","Lewiston Cornsalad",89751,0
"49517c95-de7c-4d85-ab82-d14f56e8bb3d","Rough Bellflower",94442,0
"495e1fdb-0d88-4f80-a0e0-9d2e1deaf60c","Pringle's Bird's Beak",131179,0
"49f58b0d-37d5-447e-91c2-59c940440732","Texas Dutchman's Pipe",45022,0
"4a45612d-78f1-430c-9909-7643b612e743","Sticky Desertsunflower",55829,0
"4a67a7af-0bf8-4286-bfb2-ec9e84b67a58","Japanese Chestnut",217128,0
"4aa55dbb-f294-432d-a20b-c384c3239c76","Rusty Foxglove",92065,0
"4adace59-fe02-4c23-a28a-8ce0b58e3b66","Fort Miller Clarkia",36032,0
"4b55b56e-e8ef-4548-ae68-7b3a47e5d01c","Spirea",126509,0
"4ba2291b-1bcf-40f3-8f73-7f83b57138d8","Common Rush",97220,0
"4bc7c155-9403-446d-a6df-5f9e3a621978","Spathulate Candle Snuffer Moss",51390,0
"4bdad0aa-0c2e-4f7f-bee8-b19b8a8b149f","Purple Needlegrass",238704,0
"4bdd4fb2-1206-4220-8c74-f245a9eb6f1f","Sierra Woolly Indian Paintbrush",184990,0
"4c409924-f73e-46a2-a66c-b2435f00d928","Sunflower Mule-ears",173801,0
"4c58e639-d749-44d5-858b-7d13d8e68516","Looseflower Alpine Sedge",199793,0
"4c848aab-cfd0-4be5-9148-7592f6dba440","Alaska Hawkweed",53605,0
"4c928ff1-f110-403d-8f63-0b36fa848570","Browneyed Susan",233471,0
"4d259e6f-dcfe-4dc8-9071-1df8fc13db27","Atlantic Ivy",44362,0
"4d3376b3-268c-4190-b803-cb36ea29971b","Malheur Wirelettuce",240868,0
"4d4776bf-c706-4495-a4a0-bb61a7255d8e","Twoflower Melicgrass",137435,0
"4d6c720c-bdd0-4731-9fd7-c7992f016849","San Bernardino Spineflower",63027,0
"4d72cc20-d2e0-4450-b9b3-d2f1dec20986","White Bryony",183850,0
"4da20739-2827-4a4a-8092-b97f6169905a","Dillenia",149418,0
"4ddc7fad-84c0-4fb0-92ac-c08c9810b77a","Pili Uka",238543,0
"4e0b8203-fe8f-43ef-be90-a52f2b20b32f","Oregon Checkerbloom",159273,0
"4e421814-51cf-4c83-bdd9-3ee6dbcafa76","Jepson's Bedstraw",96708,0
"4ec88624-c184-4694-9669-0eaa09600b4f","Starflower Pincushions",152202,0
"4f506dbb-2498-4e7b-9793-8f6693c11321","Indian Plantain",140264,0
"4f58f799-d36b-43f0-b68e-d234341882f5","Hybrid Oak",225500,0
"4fa57954-957a-4b95-aba0-53a29444a8ad","Croomia",111516,0
"503bf8cc-f773-45b8-9f95-bac40776ea3c","Shortleaf Blazing Star",151782,0
"50728500-8545-45fe-8bf4-2cfe8338ff70","Kamchatka Globeflower",172118,0
"509dc399-53a5-409f-9239-51dfa1001e29","Flymallow",139457,0
"5122c132-f00b-4ec7-9273-a5bc8ba90b21","Reedgrass",217559,0
"51590759-5d5d-4a6c-9dd4-2f8d5d693942","Climbing Bedstraw",224061,0
"517056ae-859d-4e75-8a2f-4a77b633d519","Birch",93502,0
"519917c0-79b4-4c77-85d0-69fda62b3922","Grouse Creek Rockcress",243439,0
"51a52823-f849-45c1-b79f-df1bd765490c","South African Ragwort",40806,0
"51e95acf-5117-48ef-b132-0f29c1264061","Tall Cottongrass",53775,0
"52b87e97-899b-4d79-9f35-44a5935ed64a","Western Swamp Saxifrage",141574,0
"52ccb976-c8d3-4beb-a260-fdb8b4d1e65c","Dot Lichen",197732,0
"5346a513-37f4-405d-a985-95d933446084","Lyrepod",144458,0
"535a9580-ed6f-4cdc-a8e7-e4e1e5adafac","Tufted Evening Primrose",49244,0
"542585a7-011f-462e-bdff-f96f649dec5b","Bushy Goldentop",180643,0
"545c77ae-95b5-4b36-acec-8580f3a8cd97","Black Baneberry",168318,0
"549f2d33-e570-4791-8208-143dfbd83bac","Stemless Indian Parsley",133009,0
"54d38ff7-5879-412a-b64c-7982dd9d006b","Bearded Skeletongrass",214099,0
"5550cf95-8777-4da8-b1ad-ecc284576fa2","Alberta Melanelia Lichen",108224,0
"555679ec-e90b-4533-865a-3ffcf19e9d09","Wire Bluestem",165634,0
"56396c9f-ec7e-4891-9b04-918564ee4b30","Fragrant Bedstraw",226524,0
"565ae28a-ec42-476d-b9cd-26d1b1ac41e0","Wooton's Hawthorn",117625,0
"5676e43c-ab12-48b1-9e83-0fa7f8bb5355","Arctoa Moss",42335,0
"56953e7d-9072-45f4-96f4-e014515c9ebf","Michaux's Beard Lichen",233922,0
"56fde84a-13ff-465e-864f-cd133cf5c893","Poisonbean",98328,0
"577e5210-5d88-49fc-ba53-4ad9eb870dc1","Foldear Lobelia",84879,0
"5857b573-4f7d-4a5c-9751-c33e35c248ce","Sticky Indian Paintbrush",196798,0
"5879636f-77b4-4f55-a562-730da254b389","Intermediate Needle And Thread",150682,0
"58e0c289-8b1f-4867-9a80-97402a2a11e4","Cylinder Cup Lichen",218026,0
"59222113-3976-4b74-b33d-139197d909f0","Pinkava's Cliffrose",97691,0
"592b91cc-dace-4c01-8052-f027444c7ce4","Rock Buckwheat",74046,0
"593bf686-fd8e-4519-889b-eb9633660583","Wedgeleaf Primrose",167407,0
"595c5ac6-768d-4676-94d0-e72c93a4d68a","Russian Rocket",158840,0
"5984b811-6230-4864-9c42-4b991bb19330","Barratt's Sedge",44576,0
"59ad3cda-2a33-4b8b-9ec1-79e653d3936c","Bald Bedstraw",63562,0
"5a08f63e-1f82-4510-8836-69d2cbd4250c","Calcareous Brachythecium Moss",63672,0
"5a6d3da9-5ca7-4a2d-aafa-6c8b34ecc306","Cottonheads",79252,0
"5ac27323-3be2-4ced-a6de-0fa9d2dbef49","Pinemat",173201,0
"5b0aa627-8177-4b91-98b4-c714a698d4ce","Blooddrops",175282,0
"5beb1f1d-c9f6-4e55-bf89-2426370858f1","Gourka",193536,0
"5c1d0dc8-583f-4c54-94eb-99580b2024a8","Splachnobryum Moss",179238,0
"5c44f6c5-e289-4c1b-8940-e23276eaa195","Lyall's Rockcress",247459,0
"5c47a229-295a-4cff-b1e9-ec4c42ad12d6","Leptodontium Moss",208173,0
"5cad9efc-4595-4699-8d4d-adf315e55ff1","Miller's Rock Moss",90433,0
"5d1167a2-7c16-4ebb-9452-86d1522a8e32","Duskyseed Sedge",126239,0
"5d655271-31bd-4643-81ef-640a4fbc1a9e","Bristly Greenbrier",171252,0
"5e02398e-8efc-471d-b0a5-6598d7697c6a","Pacific Panicgrass",77529,0
"5e036a2d-0466-4417-ac81-49dec512ee1c","Hispid False Mallow",184055,0
"5ecc3600-d609-4754-a644-255f4abb294a","Bonnet Orchid",154466,0
"5ececd03-abd2-4429-8edb-a46c4fa59175","Knob Sedge",246991,0
"5efca8de-eee2-4794-bc0e-98f3371e671a","Aulaxina Lichen",94142,0
"5f00c558-96ea-4fdf-8290-b7487128c2ea","Abietenella Moss",54531,0
"5f4ff7b0-1fc5-47ee-9a67-0d525ce514b6","Plum",37495,0
"5f507797-2f24-473e-b0e8-da28c88d3c03","Dragonhead",100184,0
"603a6b27-c2fa-4ccd-8740-8180c9033ba4","Blackcurly Lichen",109841,0
"614c4bb6-f063-4a35-93f0-9dcf133953ef","Charleston Lousewort",50561,0
"618b861a-2810-4588-8729-99f6551d9281","Weasel Phacelia",39980,0
"61cf92ac-35f9-466a-acc3-988b101ee1b8","Longan",153028,0
"61e51496-9458-4716-bc4a-8424122d8916","Blackandwhite Sedge",188151,0
"6226490a-e795-469d-a08e-258e96802cce","Sloughgrass",176645,0
"6273b09f-d072-42d0-bae3-d40d1bc9c81e","Broccoli",67624,0
"62a0fbbf-b46a-4f49-91e4-7dc0a4429699","Broomsedge Bluestem",65140,0
"62d1cb2b-350f-4415-97a6-36476deced1a","Singlesorus Island Spleenwort",83917,0
"644b8507-0890-41c7-bc98-92b5a60fbc08","Otay Manzanita",205040,0
"6460b1cf-253d-4115-b811-9aa5a09e9c95","Carolina Leaf-flower",215557,0
"66c33fa2-6141-4bba-8e57-2bb35eda7c33","Tehachapi Woollystar",74861,0
"6769ed33-909c-45f7-8133-750e10d29d65","Bird's-eye Gilia",169113,0
"6777bf63-7fa5-4633-a89e-2e0af0199d09","Broadleaf Lupine",113299,0
"67829613-ba99-426b-9cfd-b4faf4f5cab9","Neisosperma",59698,0
"679fba8e-4ea1-43f2-a073-765772e73adc","Evans' Reindeer Lichen",220119,0
"685844a5-4471-452c-af83-695a8ddf439b","Bryum Moss",197748,0
"68f8c98c-806d-4d2f-9367-df54031ec765","Sedge",188959,0
"6b09d508-2cdf-4a69-89c8-7f8f9d1ccdeb","Oeder's Plagiopus Moss",179381,0
"6bd22c5b-f429-476a-9fe8-d2e675e1a57e","Ivyleaf Morning-glory",147152,0
"6bde408a-a6e3-4d38-ba41-9add752033f3","Dot Lichen",110695,0
"6bf743e9-c0d7-477a-8e5d-0a2521ee0bfd","Annual Silver Hairgrass",206892,0
"6c6c870a-f61c-40ae-94d2-e37c4e33f5a6","Rigid Cartilage Lichen",219223,0
"6c8c0edc-9deb-4047-95a4-aa3b2b86ca3d","Red-hair Cyrtandra",143665,0
"6cb1389f-244a-49c1-beea-a3b76ffc60ed","Sessileleaf Ticktrefoil",109214,0
"6d51cb08-e609-47d4-848e-16e5e39b5dc0","Sagebrush Violet",157058,0
"6d61ce49-1cc2-418d-9c31-6c0bac1f554d","Ephemerum Moss",98646,0
"6d634b1d-4075-4e4a-8567-d98d4f12e229","Remarkable Goatsbeard",231237,0
"6e11e4ad-9aa2-4131-aef0-5e2f59212c5b","White Fringed Orchid",65714,0
"6e279814-fd6a-4008-81d1-70c2fc86671f","Low Sphagnum",47232,0
"6e8873da-0d92-45a9-935a-834b254291e5","Coastal Plain Nailwort",228573,0
"6e9d7548-8e43-4595-9158-8dea4d0444fb","Golden-yarrow",45142,0
"702dc5af-cc00-40f0-93ae-ca1f41264cb4","Beaked Skeletonweed",121905,0
"70db381d-6ac0-400f-b812-3326c338a2ce","Maiden Fern",136878,0
"7116636f-5f45-4e30-8265-f693a6279bb0","Bractless Blazingstar",60096,0
"7152e542-ca18-4149-8369-533c70d98a98","Common Buckthorn",244634,0
"71afc9c1-5333-42ac-bd37-ffe2b49a4d7b","Feay's Prairie Clover",137324,0
"71b4b61a-8ab0-4e7b-bbd2-a24d269fd4c8","Western Schistidium Moss",207120,0
"71dd34b5-6a8e-4f59-80e3-54c0a05c7e12","Chiricahua Mountain Larkspur",146586,0
"72aec293-f63b-4f73-98e8-97f9e7b250f7","Cumberland Sandreed",150505,0
"72b958dc-06d6-41b1-af97-31e5a74014a8","Forster's Maiden Fern",116146,0
"72d0f506-a60b-4094-96cd-3a4cfa849f3b","Liguleleaf Weissia Moss",152031,0
"72df14cd-6adf-4cbb-96f9-28c9dfbedecb","Shortbristle Needle And Thread",90825,0
"72f0a2bf-bfce-4fca-95f2-dcb27a4233be","Canadian Blacksnakeroot",111427,0
"73e8a33a-455d-4e41-8ae4-bcc4262c405d","Zapote De Costa",92146,0
"73fbc5a7-a0f5-4a78-8897-6416377fc7ff","Fleabane",82652,0
"73fc33b6-37c8-4be1-b6fb-59c2de27b3d7","Redhair Saxifrage",127051,0
"74bc29ed-cc10-49d1-9c59-ed227e2a3e7f","Isothecium Moss",77781,0
"757816d3-b38e-4a5d-b28b-c9c2a358463e","Elliptical Buttercup",165013,0
"7580c982-1ec3-4b8b-aa94-97439eac52a4","Catclaw Acacia",136936,0
"759ed9ac-80d9-49ca-9af8-087d37854449","Borsch Stonecrop",56331,0
"75abe05c-e233-4cc9-ac32-02e74c31c4dc","Nevada Arnica",183594,0
"76345de0-3511-4488-9e52-8d3c9eb96e4c","Winged Four O'clock",148259,0
"765b6581-cfcd-4dc2-a4df-df58a39116e7","Coneflower",230791,0
"76b12a40-0630-4e56-a09b-471e691153f1","Broadleaf Speedwell",88375,0
"77befcf9-c53c-4718-b52a-063b89dc1cd4","Blackfoot River Evening Primrose",226611,0
"78b403d2-866f-4794-8ce3-f0021266923a","Rim Lichen",245383,0
"790b07f8-775c-46f1-ae72-447468b9891f","Guatemalan Avocado",174500,0
"79144a9d-f9d3-41b3-8338-2ee828424a50","Forest Scurfpea",171435,0
"792635d3-7b9b-400f-adde-73c82eb16735","Maui Chaff Flower",37008,0
"79b28c7b-ceb8-4cd0-844c-5631193bbc71","Virginia Glasswort",45075,0
"7a34e837-f8a2-4709-9503-c68d7db473fa","Navassa Clearweed",207374,0
"7ae33931-a02a-4739-94ea-2bc323acf0e8","Carbonea Lichen",100690,0
"7aef855e-efb2-4b15-9fc7-dc64d35eaf05","Acrocordia Lichen",173743,0
"7b90860e-a35a-4040-b603-8d96c4555e6e","Beautiful Bladderpod",158280,0
"7bc8b008-8f44-416b-ad68-4ccc6c7c2f37","Grimmia Dry Rock Moss",52261,0
"7beeef0d-cfa0-4bea-944a-75f754c3dc93","Flattened Oatgrass",177138,0
"7bfb2a1d-32f7-4d80-b5d3-2091e9e1db45","Royal Knight's-spur",128409,0
"7c182529-49d2-4756-9c7d-c6938c517267","Moonlight Cactus",147142,0
"7c199cb8-7151-4201-85aa-f768983f7cb7","Common Beargrass",105855,0
"7cc582ac-07c8-47ac-9026-63da6bb493ce","Warnock's Water-willow",113958,0
"7d1cb5af-9718-4c12-9ffc-465f3bc81216","Northern Starwort",208558,0
"7d426fa2-7018-47c6-aaea-10035c57a3bd","Fairy Fans",187929,0
"7edf363e-76fd-4dec-8fba-9829e96fed4f","Tephromela Lichen",127439,0
"7efb2b55-9dbf-4775-9da1-35ebf22d0772","Lyrate Rockcress",236260,0
"7f3e8060-5ccc-456c-8198-cc25ce3cbd4f","Mouse-ear Chickweed",161366,0
"7f7cad07-a67f-4a58-924c-d49b9205ac99","Largeleaf Twinsorus Fern",69803,0
"8027da47-cf72-4e8a-9bde-c38211dbd645","Stebbins' Desertparsley",105548,0
"80cb7216-3c49-4cb2-8c8d-6b7354d151db","Trans-pecos Cliffbrake",122960,0
"81984fa7-e548-408f-8059-83ff47771cfe","Yerba Puerto Rico De Cueva",225377,0
"81beea98-344c-44df-bed8-546accb16954","Feather River Stonecrop",192046,0
"81e48039-d72e-4f40-a1c6-efb9f04f47ee","Leafy Rockdaisy",125183,0
"822314e7-9d4d-460a-a8b2-6852b3ed9fc0","Florida Phlox",160706,0
"82e0e93e-f822-4292-9eb5-b5df9b7fb759","Globe Sedge",178891,0
"8312b737-ca45-4069-830d-f99ec093301d","Scrub She-oak",167529,0
"83792a6c-d1d7-4bd3-b3a7-56171a306a82","Ruscus-leaf Bamboo",164774,0
"840bb470-94a8-42ff-a737-fde8c5d83d9f","Eucalyptus",237263,0
"843bb5a4-efca-4549-989c-90ba73899ddd","Oceanblue Larkspur",134570,0
"84b524e2-4e4c-4948-a625-b242698186ae","Kittentails",209714,0
"85428206-dff4-47e0-a8a9-c22f07853064","Small Blacktip Ragwort",245328,0
"86353689-c9aa-4515-ae55-44e5b972f706","Nechamandra",52024,0
"864b0d38-6b05-40c3-80da-6dec50d3d090","Whitetinge Sedge",114896,0
"8683764d-014a-4b5c-a772-88436e05361a","Myrinia Moss",154926,0
"86bb8b08-b305-4a0f-866b-67ab2429ab51","Dioclea",190492,0
"872fa813-81e2-452c-91ee-fe94daaa368e","Acorn Peperomia",109003,0
"87b92e66-9365-488f-ac58-676d7e51a382","Anderson's Milkvetch",49468,0
"87e11986-da8a-45ec-a8c2-aa623d051a38","Montell Bractspike",79274,0
"882d48a0-19a2-44b8-af00-2d3682c3e75d","Didymodon Moss",218784,0
"89027aa2-48a4-466d-8bde-04b06d5d6b24","Saxifrage",205666,0
"893c209f-323a-487f-921c-156ef0b224bf","Congo Coffee",48892,0
"898f99db-75a3-4adb-974f-0dca42431dd7","Cyrto-hypnum Moss",117229,0
"89980931-d520-4f65-b261-da5d5b8eaa98","Henicodium Moss",62722,0
"8af5cef0-632c-40dd-9d7b-11fcecaba5a9","Bull Clover",238480,0
"8b38e749-aebb-4bb4-a042-e6d6d1bc8106","Wild Pea",241624,0
"8b4aa55d-3e0b-4fda-a431-77cfd8260291","Northern Singlespike Sedge",153811,0
"8bac2f0d-c44a-4d07-885e-2701157e536f","Alkali Milkvetch",187609,0
"8be67d46-d61a-493e-a6c7-f3e990eeee9c","Desert Muhly",46574,0
"8c9b1592-1262-4418-94e0-2f5075d3ccce","Moss Campion",213700,0
"8cca112b-5379-4c04-b700-1665d931880f","Redbox",124498,0
"8d232739-f4c0-4d1c-8c15-48d3ad1a51e6","Hybrid Oak",68012,0
"8dc4248e-6f53-476f-9b3a-e99fc65c8b03","Hillsborough Blackberry",43369,0
"8df65eee-2d97-47bd-80ac-03990c713eca","Orange Coneflower",63789,0
"8e2efc55-e088-4344-aea2-efd254398627","Sessileleaf Strap Airplant",169545,0
"8ee8623e-dd04-40bf-85a4-2556903670ed","Freckled Milkvetch",211250,0
"8ef9df84-3ae6-43ae-8268-da973b540810","Bolivar Brosimum",191672,0
"8f068f4e-99d0-4628-9e06-3af3e9eaaab8","Heatloving Cracked Lichen",160229,0
"8f3980a4-c622-48b6-9d1a-1a9f39ddffed","American Trailplant",61835,0
"8fa8f186-aeb9-4629-bd99-bbe08720e919","Intestine Silverskin Lichen",37096,0
"8fb7d095-191f-42f1-b75a-5a2c5bf4ce68","Pinkava's Cliffrose",193078,0
"8fd9eb05-a49b-43a9-9aca-dec9099f2473","Browneyes",74339,0
"902b1198-b799-4749-b2a8-11be159bed67","Lehua Papa",103160,0
"904683fa-dc65-4595-b2af-4c55c7722b1d","Watson's Brickellbush",203835,0
"906ec86b-08d3-49bd-aae8-67e8088adecf","Cooper's Popcornflower",73753,0
"9086509e-151b-4a8d-9c40-e544819d3788","Ornamental Nightshade",43873,0
"913efe08-abb6-4705-89f5-90ab0601f141","Rough Coneflower",54851,0
"91c75917-7203-4a06-8fca-cc70c330f348","Harper's Buckwheat",146004,0
"92421c7d-9658-4707-b490-8061065754d7","Parry's Sedge",43596,0
"92a75a93-c466-46fc-822c-b617d5b376d6","Drymary Dwarf-flax",177334,0
"92f6c4ae-d8c6-42c3-8738-42aad8eb0dc9","Map Lichen",187016,0
"9339a70d-874f-471a-9d34-a923ebfbe23f","Heckner's Lewisia",110647,0
"93cb3c10-d563-4a57-82f1-5ab78b209b81","Burgess' Skin Lichen",104454,0
"93dd2e52-1da4-418e-a83e-488af5f2aaa7","Pterigynandrum Moss",227643,0
"94431a60-f45b-44ca-b360-0b9bb7b609ff","Zulu Fescue",182816,0
"9490f424-43ff-486d-89a9-56dd03cc7cc5","Depreault's Snow Lichen",210636,0
"94c8cfe1-744c-4e7c-a8f5-bd8c68d14d62","Devil's Horsewhip",71333,0
"94ecd1a9-d28e-40cf-b77c-8429351c7cfb","Roundleaf Thoroughwort",166668,0
"94f80b97-0b3c-4280-b404-b469f8b61ec8","Tapellaria Lichen",184281,0
"954f4d35-be40-4ca9-8e2d-4116ff136c92","Scaleleaf False Foxglove",94468,0
"95e9f378-b329-473e-a097-1bdc6694d6d2","Arkansas Dozedaisy",126588,0
"9686fd01-3e7f-4cd6-8a0d-f8926ccd6019","Aleutian Rim Lichen",158340,0
"974e02f8-d980-4a59-a349-4e2c06dd2854","Engelmann's Hedgehog Cactus",232120,0
"975803dc-9a6e-47c0-8a04-481ecb280ca7","Lobb's Buttercup",120028,0
"97882922-5e06-492d-a3f4-0c31235949bd","Florida Ironweed",194445,0
"97b606e4-ec5f-4f65-9b8e-af1f6ffceac7","Cypress-knee Helmet Orchid",228139,0
"982b3a46-99b4-45da-acfe-eedb87ba1fcd","Spearleaf Buckwheat",218705,0
"9840129d-0500-42c4-b497-fc3f2b8acec9","Melanelia Lichen",55520,0
"984ff3b5-d471-4163-a818-a23acaeb6d7d","Stegonia Moss",146801,0
"98a410c5-8b85-455b-bae4-e738ddf721d4","Ground-crescent Milkvetch",201764,0
"99079ad7-2df1-483f-a1ad-d156ab58c9c7","Nakedstem Sunray",64260,0
"9949219b-1015-4e3f-9a08-8c4dfc5e20f6","Spleenwort",159283,0
"998f2d81-2b72-46f2-9f43-d398ab93d1c3","Pitcherplant",148985,0
"9a73b871-1738-402b-b35a-07ecf8b27969","Sand Bittercress",170482,0
"9ab3ca95-4b03-455e-b29e-e57278885899","Featherleaf Kittentails",227351,0
"9bd9a7f5-b784-4904-9d88-96371e75c887","Burnham's Blackberry",146343,0
"9bda8595-7940-476e-8095-f18420e5b4d6","Western Bird's-foot Trefoil",133710,0
"9c02846d-1001-413a-834b-7fe6726095e1","Honeylocust",94104,0
"9c0be4bb-e8ee-4496-b1b1-183be34f4ee4","Sparseflower Sedge",44605,0
"9c1f57a4-46f0-44ee-a60e-5221201c0833","California Milkweed",83928,0
"9c4dee51-dd5a-489b-ba62-220ac54b8257","Copper Iris",105297,0
"9c68319b-311a-4c70-ace3-7ba55c3bb72c","Roundleaf Thoroughwort",232246,0
"9c875d6f-1ed2-409d-91ce-7dd0d6c13fd8","Clammy Campion",157377,0
"9cb13ad8-455c-4332-aa38-a366f0c84f39","Senator Mine Alumroot",211915,0
"9cea3efa-c9c0-464d-b1f0-810e3e54a88a","Pondweed",67618,0
"9d012ed3-a3ff-4b63-8c8a-dfa4e44cf1e8","Club Lichen",143879,0
"9d480e76-82fc-477a-a8f0-322d3953937f","Hedge False Bindweed",98319,0
"9d608ef4-6a44-41c1-b2a5-9b0c060e76da","Naked Milkvetch",145694,0
"9d6bc4c9-1dae-4b31-b827-76de7bd3d259","Floating Spurge",78684,0
"9d9c4197-212a-4fc5-858c-dedf2110bdb0","Calyptocarpus",189902,0
"9db7edd9-010b-4fc2-80d6-61e7a44d1748","Awnpetal Meadowbeauty",178765,0
"9e0e8b8c-c1f8-4188-b8ff-19622f073375","Crossidium Moss",68183,0
"9ea58cc3-083b-454c-a3ca-45b3d7a9aa74","Roundleaf Snowberry",100326,0
"9ec65a8f-963d-49f7-a00d-4e745100bc48","Cosmopolitan Bulrush",50559,0
"9f173cf8-1d61-4bed-b85f-bc12c00770cc","Duchesne Rockcress",137666,0
"9f1d014b-5ada-4d22-9f00-f93381c9138e","Bride's Bonnet",73122,0
"9f57945f-c8bf-4e3f-b2e0-64a81adea9d6","Stroganowia",204217,0
"9f90ad03-ec14-4a2f-aedb-90e42cea48d1","Hygrohypmum Moss",154645,0
"a13efdf2-847f-436b-ba51-35f2ddc28291","Pakaha",59664,0
"a1439c41-1ab0-4691-ba39-3d7c91b3d6e4","Tres Cabezas",43927,0
"a1d1ca06-144c-458c-9adc-96eacc0f1237","Fluxweed",90906,0
"a2369d52-3013-41c9-add8-0caadf2593a9","Trematodon Moss",68908,0
"a27a490e-a6da-47b6-a1b0-8cafd6e267dd","Curlycup Gumweed",212353,0
"a40b83e9-9647-467d-b174-30f8e39295c2","Smooth Violet Prairie Aster",203971,0
"a48d158f-b728-49f9-b4fb-0ebff21d16ea","Texas Mock Orange",105816,0
"a4a99cb8-9731-461e-91da-d63b2e844909","Stinking Camphorweed",206848,0
"a5080b02-b654-4732-8b01-3ffe1a4212d8","Latin American Flatsedge",149502,0
"a5423c81-2f2d-49cd-ba21-091ae4d50d43","Small Camas",219389,0
"a6155541-40a5-423d-a12d-4352b3ef920d","Red-vein Yellow Loosestrife",184580,0
"a637abb7-39c8-44ba-837f-6669adb5f15e","Carolina Springbeauty",232638,0
"a63a384b-d362-4c9b-a506-d366e2f1d639","Softhair Coneflower",201142,0
"a68e48e6-d6ab-4eb6-80f4-27c4abad11cd","Neststraw",214742,0
"a7117267-3ec4-4f4c-aa63-3682fe70bf18","Panguitch Buckwheat",37307,0
"a7356b0f-cd8f-4db0-8d03-52412bcb25d5","Acid-loving Sedge",233316,0
"a7af38ab-d62f-4e73-a39f-d83f87a48e63","Bergia",159653,0
"a7c5e112-14b5-4964-ae21-edc3eb545d3a","Reindeer Lichen",52527,0
"a7c9803f-9f48-4e98-a294-4309ceeee06f","Chaparral Dodder",35384,0
"a934bdd9-e289-4a16-acc7-935f3b5c47fb","Snow Lichen",65557,0
"a9e04fd3-68ac-441d-8f63-01f2705a1090","Eastern Turkeybeard",133220,0
"aa9db36d-ad89-45b8-9fa3-80f53ec1e493","Whitebuttons",142566,0
"ab7e9861-3c3e-42d9-920b-9274cea7c0c6","Klamath Mountain Catchfly",82703,0
"abbf40f1-2888-4961-aa41-1e405fca35d4","Stickseed",214801,0
"abf2c42d-180c-443d-bf46-34168ef197f3","Mountain Oxeye",150138,0
"ac1c64e2-389d-4ef4-9c85-1c1c60fae31a","Jelly Lichen",72465,0
"ac63cdce-f279-4fc4-b82a-4b6e2c764522","Hinahina",211482,0
"ae2ae323-e5c6-4360-89ac-3ace00d69937","Buttonia",196297,0
"ae3981c9-fdd1-4614-9a94-3a77c6ce5806","Low Scleropodium Moss",179480,0
"ae7eb89e-2e0b-4c0e-b2c3-a1d221eebf97","Moffatt's Beardtongue",37365,0
"afea7780-dac8-46b0-84dc-7860238b1026","Trans-pecos Sandwort",50678,0
"b051fadb-8f40-41fb-9ed8-3d8bd3af296c","Tushar Plateau Indian Paintbrush",58766,0
"b0b93800-d3f5-481e-b590-4852befd3209","Arizonia Cliffbrake",156058,0
"b0cc53ac-8c6b-4b79-98ea-05ffe92d3557","Intermediate Paspalum",202050,0
"b1558ca7-7dbb-4e79-839b-d3774548c113","Bluntleaf Yellowcress",229572,0
"b191183d-8587-43c8-b51e-073e8b9217d9","Oakwoods Prairie Clover",169339,0
"b2e5741b-85a2-4c29-a1d1-916b8eaeabb8","Pappose Tarweed",195008,0
"b32b7609-54c7-4e05-ace9-974344c72b56","Hairy Pagoda-plant",65851,0
"b38b4fe3-87d8-4f07-ac6e-d95423645c5b","Fourvalve Mimosa",60979,0
"b3caed4d-b3ed-45dd-b97b-7739e6555c25","Greater Water Dock",134479,0
"b44ba216-92bb-4114-84a9-d050697e9efd","Heppia Lichen",124357,0
"b4d97d58-3e55-4839-b658-bb1ea6e68cfa","Prairie Sunflower",136447,0
"b4e85d80-0e11-4987-adb1-fc7ce22bbe8b","Vasey's Rush",66336,0
"b619b1b5-ba20-49e7-a604-86a0eb9d1cbc","Epilichen Lichen",53243,0
"b7c24c53-f5b9-4c9d-a0e5-81b97b87ff1f","Red Chokeberry",109487,0
"b7e2e92e-e36e-4d8d-901e-b556a68f9f6e","Pincushion Beardtongue",205270,0
"b7f0e3de-cff8-4b42-aae8-008d4ba5c5b3","Larchleaf Beardtongue",182208,0
"b8173633-1c9d-4902-b976-81f49b1cc63d","Orange Lichen",241109,0
"b8cbf529-6767-47e7-907d-b621ac8a0e15","Bartramia Moss",71681,0
"b90c3da6-fedf-4c41-9bbf-788ad2276460","Narrowleaf Stoneseed",135413,0
"b9e41dbb-77e7-4718-8df4-8cc7c01d1759","California Shieldpod",180879,0
"ba0ff46d-4b92-487d-9771-f3459be6b964","Iochroma",210056,0
"ba41def5-386d-49e0-883a-f11e8a4dafe2","Sand Buckwheat",60213,0
"ba67ff7e-f169-40d3-ae04-17693a662793","Black Sapote",102986,0
"bb48461e-c5a1-48f9-8e7d-1c3956a8a0fc","Hypotrachyna Lichen",204859,0
"bb5cbd60-8c30-4364-a62d-9bd79d0bfe44","Pussywillow Jessamine",88705,0
"bb89fde9-2015-4b9b-b562-c780c80973e6","Carrycillo",236770,0
"bb8c1fd1-150c-4c2a-9d67-233a503b2e5a","Hillebrand's Flatsedge",142142,0
"bc98547f-b925-4fd6-9110-07f4359d5fe0","Cracked Lichen",223419,0
"bd3542d1-968e-4651-8c0a-01c522d3da71","Dunes Saw Greenbrier",184197,0
"bd6ee374-1cd6-44af-a797-00f6ce0da46a","Yerba De Hierro",139168,0
"bdb4f8b7-fc2c-444c-a2c4-1d76bd603630","Warner's Dodder",202482,0
"bdb9085d-f642-4cca-9d76-cc1c7dbacb00","Yellow Marsh Saxifrage",227251,0
"be3923fe-bcc3-4b8d-bd93-1ccdf370b342","Carnegie's Cracked Lichen",225471,0
"be3df3d3-64da-43fe-a5ef-dc676b1dea0f","Allthorn",230970,0
"be56673c-3456-489c-ae0b-46f9dd4bdedb","Durango Senna",37792,0
"be662b17-3a86-4e3b-93b6-09cb1b059018","Brothera Moss",231460,0
"bed870a4-c0ee-4be2-9d95-7c6ddb425e83","Cleft Phlox",139043,0
"bf32b305-9328-4314-a624-ed94f0acaf31","Stemsucker",74940,0
"bf90cd2b-806a-4bf2-ad67-9351d8841c1b","Ruby Saltbush",114304,0
"bfae356d-1458-4ff4-9783-3fc07fa8a380","Parachute Beardtongue",71527,0
"bfb9425d-16e4-4196-9d6b-2aa401b74db7","Island Orange Lichen",239519,0
"c0b16e5e-785d-4ba0-82c7-4a7a04509330","Blood Currant",125966,0
"c0f3e4d8-41bb-43ad-836d-34249abee12b","Pylaisiella Moss",65630,0
"c139f9ec-a07a-4169-ab10-ccd36f9ce53b","Punctelia",168244,0
"c1a2de09-707c-4d72-bf24-3b50fa56b0eb","Yellow Bluestem",188856,0
"c1b4a706-d2bd-404d-b00f-4f7dd9a65f8e","Southwestern Gilia",194104,0
"c1e85e36-4590-462f-b739-5145a6f12e58","Neglected Sunflower",147735,0
"c1ee6fba-2770-4e8b-b32e-b8038939b2ca","Arrowleaf Buckwheat",238737,0
"c2536c6b-e4c9-40c1-8730-bcc4b2f2e09d","Tylophoron Lichen",63147,0
"c340a07d-f94e-46ab-9cf9-bbde869a4b29","Shortspur Seablush",205737,0
"c349a919-44ae-4a26-abf1-ab4770debbfe","Redwood Pea",171148,0
"c3670600-22e3-4587-b8d9-17d9fc3479c9","Avocado",77498,0
"c42152a4-ab78-490e-a64a-17eac0399c98","Lapland Rosebay",215932,0
"c4223fc0-6810-4583-87df-d256e88f8bbd","Black Mangrove",139828,0
"c42f436f-172c-47c2-9729-bd65c98d730b","Russian Peashrub",243866,0
"c48a6048-c1e3-44b0-99a0-85c22e267842","Dicranum Moss",201824,0
"c491c8b8-8ec9-4b7f-b750-6c303ab22d63","Olympic Mullein",137197,0
"c5af85ba-933c-42c8-928d-02bd3da11661","Texas Flax",188678,0
"c61488d8-e704-43dd-9ac0-901b3bb5bf14","Giant Cowbane",137613,0
"c689a9c2-7369-4616-bcb4-b4ad732967a9","Gray Goldenrod",85791,0
"c6e71599-8947-4110-9260-401b34ad0db0","Scatter Knotweed",160496,0
"c6f733f8-1c5f-41ff-b2c0-9c44318a61c2","Colorado Beardtongue",164227,0
"c7136695-e6ed-4ce8-8989-39461138956d","Brewer's Snapdragon",220503,0
"c75c6298-b343-4fef-91c8-1f04fd53f667","Western Blue Virginsbower",212538,0
"c774a852-67ce-4055-94d5-5ff9be55cdb6","Vernal Pool Indian Paintbrush",88639,0
"c7e7063d-d463-434d-a39a-0b61f40de5d8","Waihee Valley Cyanea",234763,0
"c7f478d4-8a2a-4e81-ba9a-55b06427626c","Featherweed",54276,0
"c7f84d71-bf2b-4209-a52c-89916cb91c30","Red-hot Cat's Tail",128930,0
"c82c2276-dbd3-45c3-b963-fe7298a4d2e6","Eopyrenula Lichen",124731,0
"c84edf2d-e11b-4c3c-a632-e2570dcb8103","Fleshy Clapdaisy",77784,0
"c8633adc-551b-4bbb-a209-128dd5611bdc","Burgess' Broomsage",226770,0
"c8c74163-0835-4f7e-9317-055d7935f7d1","Canary Island St. Johnswort",149863,0
"c8d92daa-6472-4995-a359-ddf042cf092b","Clauzadeana",162741,0
"c9096fc8-2467-49d3-a88a-c5f33b229a0a","Rinodina Lichen",113892,0
"ca520fd3-09d7-43e2-a005-e3b217302b48","Labrador Lousewort",189573,0
"ca593c55-f738-471b-9234-23b7effa5ca6","Heimburger's Anemone",43880,0
"cab1176d-f6f0-4f6c-96ed-6ca706d571a0","Redbird Flower",53218,0
"cb0ddb71-e8de-4a70-8bbe-3aae92423452","Trans-pecos Poreleaf",134559,0
"cc362c28-ddd1-4b43-b423-69295c00ce79","Spinster's Blue Eyed Mary",248376,0
"cc65d467-5c2e-4464-8c28-c590853abd91","Scaled Cloak Fern",167523,0
"cd3f0dd0-fbb4-4c50-b1bf-78abfd68988c","Arizona Desert Foxglove",228122,0
"cd6efeec-24f1-47fa-8c97-ab2201014377","Boleko Nut",75843,0
"cd8cf1d8-9293-4838-a469-33f48ee4bc86","Molokai Nehe",117446,0
"cddd739c-415a-4abc-860c-48f4a227ffc0","Freshcut",177987,0
"cdf0326b-dab8-4360-b88e-ead8ebc0856a","Green Orchid",159123,0
"cdfb82e2-b59e-4e20-ac01-9dde0e618a73","Octopus Fern",208684,0
"ce099407-d877-46c7-bccc-02f0e5dffd36","Broadbeaked Mustard",79809,0
"ce138104-943f-4eaf-8c6e-cbced8d082be","Agyrium Lichen",210595,0
"ce19becf-868e-41a1-8070-cf7bd988d398","Tropical Soda Apple",173466,0
"ceb0d303-a1ba-4afe-b37c-d7b0f642b68e","Bigseed Dodder",35519,0
"cee5f35a-1626-4141-ba43-dad3780dc6a4","Texas Bristleleaf",129482,0
"cf48e081-e658-474f-b49e-a5c64af73333","Disc Lichen",215150,0
"cfbdefd7-ce4b-4179-b0e8-cb858fd6966e","Longleaf Cupgrass",168494,0
"d059cc05-0362-4629-8dc4-8802c1e4ef74","Snake Range Buckwheat",146060,0
"d07f764b-43aa-4cce-a89d-7b5e7e4433ec","Green's Pohlia Moss",79616,0
"d0a9bb4d-47b7-4828-bb35-1bd181aabc62","Wedge-leaf Hopbush",140812,0
"d115e841-8556-43d0-82a3-82aee7e11c91","Greenstripe",99199,0
"d1465e44-bb57-4253-98cf-8d60891ea7ad","Globe Yellowcress",171365,0
"d1f5836e-eb53-4fa5-a90f-63a80dbd9cc1","Ceylon Gooseberry",236437,0
"d233e256-354f-4acc-84a6-1cdbd9912bdd","Peanut",171398,0
"d447d800-1695-4b46-a382-0b8061a8152b","Crucillo",234391,0
"d50fc679-2898-426d-b34a-fe505efe8202","Tall Silverbush",35489,0
"d5181c88-485d-4659-89ac-ac9a432b5fe0","Common Tansy",118527,0
"d51c2725-6d53-4d0e-a0e8-745323527357","Winecup Clarkia",150183,0
"d5346c82-736a-4331-abfe-f9993343f07f","Hoary Verbena",67870,0
"d56170f4-1ff1-4edf-80e9-af7320386e63","Spreadfruit Goldenbanner",60271,0
"d56426ae-168c-4fc0-af1c-321045dde726","Carolina Springbeauty",232380,0
"d6f821b6-a91a-44c8-8000-8962ea6e679f","Canelillo",133780,0
"d72036b1-f8b4-46ef-8641-a6f49821790f","Dactylospora Lichen",78829,0
"d731f45c-5d7e-4727-963a-af8d3a3367f4","Plains Gumweed",157645,0
"d759dd54-98bf-4320-8ada-bfd5a4b39384","West Indian Gherkin",60547,0
"d75e08e7-0eb6-458a-92d6-13ea0b075aa9","Alpine Collomia",203516,0
"d81b432d-9a79-4892-9c1d-df739e16bdfa","Pigweed",66601,0
"d8614c12-5e5a-43a2-ba1c-9f04d2ab522b","Smooth Johnnyberry",70855,0
"d89af40b-4651-43c4-85f2-0382553461fb","Lace Grass",189813,0
"d8b115da-c6e9-42ba-bf25-dac9f37cbdc5","Brunnera",128311,0
"d8c8a375-ce04-45db-be87-8bf27a90ea44","Red Passion-flower",57211,0
"da5d2cf4-dd46-4f28-a58e-a0765595128d","Field Marigold",246274,0
"da726693-06b5-4b1c-9098-b93ee499c885","Basalt Larkspur",145218,0
"da7a74c9-3752-4ea5-8161-23c692e4e994","Pineland Scalypink",199967,0
"db7d536e-30fe-4e3e-89a4-6d0e1d84ba16","Dot Lichen",156298,0
"dc00b8fa-2cf8-44bd-a2a3-2d7d63a5dfa0","Menzies' Goldenbush",209223,0
"dc0bbf58-6fec-4b20-b437-078c225ebf1d","Beaked Skeletonweed",53416,0
"dccfcf2a-75cc-4ffa-99ee-64c57e48f454","Water Jacket",206476,0
"dd57d667-4606-41ba-9611-a75667eb75f3","Wild Banyantree",179682,0
"dd5cc050-40f0-4c93-8338-9508ed502306","Medick",76045,0
"dd7049aa-fabc-4a30-993b-48f60a14f705","Acadia Dogwood",249668,0
"ddad75be-3c5f-4382-9ebf-c6ce14bcfb65","Quillwort",131794,0
"decde6ed-d883-4427-b558-ef0bfce9b9f2","Yellow Columbine",196081,0
"defa51bf-ab78-4b0b-b1cc-2d5bbd79fce6","Littlecup Beardtongue",63780,0
"df58314c-bf3f-4cb5-a111-7d9eed706146","Purple Oniongrass",96344,0
"df7ba5ae-945a-4661-be8c-49751028e42b","Sierra De Cayey Stopper",93393,0
"dfafa5b9-30ea-41e7-9c80-902c034b8100","Sweetscented Biscuitroot",235317,0
"e0896412-9c52-4dd2-a9f5-e537710c8575","Pygmy Poppy",158456,0
"e0b4b55c-8989-45e0-bc8e-44fed412c9cb","Cornish Mallow",103566,0
"e0febd89-4e99-4e8f-bfc4-f058656d1741","Warnock's Water-willow",134791,0
"e1111d43-ec26-41d5-96aa-239dcbec09af","Calycera",111399,0
"e136aaa9-6b4e-4dd7-af6a-649f38123b22","Black Rock Townsend Daisy",124721,0
"e16b6d6b-8e1a-47a1-9725-0f8f7bb5b19d","Broadleaf Lupine",165918,0
"e1bb5e35-f243-4769-8153-a553883179d6","Nevada Goldenrod",238431,0
"e2096907-820c-442d-96d1-50e4a2ab0d09","Coleman's Piperia",243240,0
"e2170943-851c-417c-95ae-ca3ad12ffe8f","Strap Airplant",181546,0
"e28205bf-00d9-4988-8d82-71db95957125","Cynodontium Moss",241839,0
"e305e29e-a2f0-4b4f-829a-4d29c36017fc","Littleleaf Greentwig",92133,0
"e30cdce6-a6ce-4148-860f-fb5e2a313a05","Mojave Yucca",102164,0
"e3a5a73e-6ac1-4fc1-8c05-b79452dc6c7f","Flaming Gorge Evening Primrose",166949,0
"e3c02a31-eb31-455a-b27d-d19bc4580933","Pingue Rubberweed",219838,0
"e48f5a67-bbc9-45b8-8c61-c2c69d4f6be2","Dot Lichen",203425,0
"e497de83-bc92-4acb-99ec-059a69160879","Globe Cactus",239156,0
"e4de52c3-22c0-43db-9520-c28faf497a0f","Rough Potato",73740,0
"e5007943-b5af-4cc2-981b-b9146ef89492","Common Barley",95383,0
"e5208399-fc75-451d-badd-534d81da0212","Manena",150019,0
"e52a6395-d655-48e3-bf15-c98813e18b13","Himalayan Mayapple",197714,0
"e54b677d-8a25-4e82-87c5-5d9592c6c629","Carrotleaf Horkelia",182818,0
"e591d126-0254-4616-891c-2d87a842e494","San Joaquin Milkvetch",199366,0
"e61ae9e4-f4ea-4fb2-bc54-719683c734f8","Leechleaf Blazingstar",47271,0
"e6a33b2c-303d-4948-b070-dc44892bd759","Stalkgrain Sedge",196217,0
"e6a4b8c9-cdf5-4376-9e44-45fa9f0a7084","'ihi Makole",236919,0
"e747fa06-c1e8-4534-99c5-3bb6e4653fd7","Reverchon's Hawthorn",129090,0
"e7497a9b-e5a1-4e67-a035-4a99f28120ff","Scentless Mock Orange",37665,0
"e7c7c94c-0564-4619-8a53-d4b551c387be","Plantain Signalgrass",178374,0
"e7f3e5ce-525e-4e6b-b095-dfc3cd6f2c3f","Gordon's Ivesia",96705,0
"e8346488-6a2f-443a-ab36-63d010a3fb2b","Hollyleaf Ceanothus",232665,0
"e8472b41-f548-445c-bea5-f162de7f384a","Phaeographis",108030,0
"e860d383-920e-4222-ad40-d48c911e85ec","Eggleaf Silktassel",74632,0
"e868c73a-1f9c-4158-9f35-9409c78d790c","Rosy Pussytoes",54723,0
"e871a723-8ac4-45cb-beed-72922f5fa946","Ascending Wild Basil",105782,0
"e8e6388f-544d-4d16-88ad-19acee8919ce","Koelreuteria",73161,0
"e903d730-f264-4096-81a1-2968ca18fedd","Septicweed",155958,0
"e91cbe53-3b2c-4304-88d3-aa7ae9019ce3","Tube Lichen",117559,0
"e94b1841-3dc9-481c-b353-c7b26253b18e","Fourstamen Chickweed",178609,0
"ea2e36f0-f293-4513-8ff4-156e33575be0","Shining Blazingstar",126031,0
"ea49bc22-3867-4df0-b54b-f1312faba8d8","Mexican Avocado",112383,0
"ea4a9a45-eca7-4a5d-8014-0aa012fe0352","Sedge",203085,0
"ea98569d-989b-430d-8773-66f8ee86ae28","Glossostigma",245193,0
"eb0a519f-79e0-4ffe-b3de-3b1e50a84887","Hairyfruit Sedge",108306,0
"eb9d9452-6e0c-4f1d-87d7-ae40a34c00df","Elliott's Yelloweyed Grass",160506,0
"ec9a879c-6312-47ae-a159-371993c853de","Launaea",122348,0
"ed2b4d27-ed4d-424b-bb8c-fd3133849402","Alpine Bearberry",199129,0
"ed324b67-ddd3-40c0-8807-7f893bc4a1d1","Goosefoot Violet",188080,0
"ed3ba30e-3c0e-45cc-af78-8321d8e93034","Wild Chestnut",244029,0
"edc9f502-6a16-4ae0-961b-fc1563176e76","Socrates Mine Jewelflower",153682,0
"ee38165d-4dfb-4a04-a5c9-e74129af645d","Aegle",185661,0
"ee6fb093-c73f-49e5-b76d-931b28ea3520","Schaffner's Wattle",113504,0
"ef269832-01bc-483e-a9b3-eda8dd626bb9","Rubber Rabbitbrush",143797,0
"ef26c985-807f-4ab0-93f7-940cf8dbe04c","Fewflower Meadow-rue",73352,0
"ef8297ae-e4b9-4a90-9e76-5db61dcd2dfc","Chilean Rabbitsfoot Grass",132576,0
"f01a0e95-7bf4-47c8-927b-ac7a128b28a2","Pin Oak",232823,0
"f020a644-28e9-494c-ba86-88549fe8a965","Bigelow's Tansyaster",128787,0
"f028df56-d69d-4fa4-998e-7c7a9031b3f1","Allegheny Monkeyflower",51897,0
"f144be13-29f7-4a1e-b4f3-a1352350f9f2","Sand Gilia",110632,0
"f275aad1-3c93-4d68-ad92-2ad935903ef0","Mountain Clauzadea Lichen",226166,0
"f2b061ea-0c5f-409b-bf2d-03ea9eb9d351","Schmidt's Xanthoparmelia Lichen",225120,0
"f320b8fe-9e4b-4f9a-a8a5-fe1584b5d3cd","Lanceleaf Fogfruit",135228,0
"f324aa9e-4d01-43da-8073-e075161b81fb","Chastetree",152137,0
"f382ef42-26c5-4a38-b5e7-abc36b4f8ed6","Oceanspray",231667,0
"f3b507a4-027b-4466-bd7c-ef5579c32230","Red Bluff Dwarf Rush",57622,0
"f3d80393-cc1d-45e8-a848-ae5a15784d7d","Hairy Goldenrod",96176,0
"f3daeddb-eb53-45c5-80d6-418c0b140116","Canyon Creek Stonecrop",143258,0
"f3dc74b0-ca7d-49c2-9f18-fb09b2897b18","Goosefoot Moonpod",216690,0
"f3f18c5f-f8d5-493a-bf97-606fdeeacb66","New England Blue Violet",179309,0
"f412139c-fb5a-4d63-9a64-8555af47b26d","Honeysuckle",175257,0
"f41a19e4-8d31-415e-b7fa-85520a26af21","Licorice Bedstraw",170978,0
"f45f30a3-da39-4867-afc4-734db98d88f6","Oregon Geranium",72534,0
"f462ced6-9e21-4813-bf54-f4fe496b8da5","Arsene's Buttercup",142723,0
"f4828a1d-ec84-48a0-894c-ca93a9d7bd09","Valley Lupine",173375,0
"f4c2c093-773c-4d0c-8afb-f37b4846de92","Yellow-horn",226704,0
"f606b1e2-5a1d-424d-81f9-723f6f299160","Rim Lichen",150370,0
"f617d687-6e63-40a7-9bbf-a8e286921077","Oak Ridge Lupine",164867,0
"f65cae7c-d1cc-4072-bce1-10a8652b5353","Gulf Pipewort",54162,0
"f6722b43-23c2-4030-9fd0-db2db0acee22","Yarran",164915,0
"f6b6fb9b-d6ad-4da0-90c3-b92607a5c626","Sticky Ragwort",97141,0
"f72e339f-2b9d-4ab6-9d15-819c35f24753","Marsh Sowthistle",234641,0
"f7922b07-8660-476a-9c47-09c578e07f34","Thelypody",180602,0
"f7a88624-3d4d-46a3-af68-ed3f0b45db90","Scratchbush",225988,0
"f7d7bc11-9800-4fb8-ad60-b49a99648467","Duckmeat",154700,0
"f82dd549-524a-48b1-ada5-15b5ae3f442b","Murainagrass",176893,0
"f83aabc6-417e-4a4e-b321-66a40ee860a5","Crossleaf Heath",133931,0
"f83f0a3c-e4f8-4a02-ac65-0e85d1d2d8b2","Siskiyou Lewisia",163768,0
"f8f4d20c-4236-4665-a8cc-8b49901055b3","Mudmats",142180,0
"f913787f-6e4a-442e-a730-c8003996d0e7","Fairy Bentspur Orchid",67361,0
"f98a8a1e-13b7-4290-92e1-3642079fa0aa","Paradisetree",152880,0
"f98c0bdd-551e-4683-a54e-35a6f2b5573f","Albanian Spurge",99735,0
"f9e5e6eb-d025-4b3c-b5bb-d66f3a09c1a6","Tropical False Goldeneye",130837,0
"fa1b5774-8310-4838-9487-92b6a2871ef6","Bigelow's Leather Flower",189335,0
"facc8f89-949e-4269-98eb-6c32f916af26","Silver Lupine",118804,0
"fafdcbc1-28f8-4ea9-b3e9-246d4388ff3c","Peirson's False Bindweed",175205,0
"fb68b024-ec7d-4eb7-a0eb-e7533b43031f","Bruised Lichen",88853,0
"fbc1377a-95ec-4d22-8f95-4b422a177534","California Gilia",44607,0
"fc1c05bf-f1c5-4b36-83dc-f0fbe785c3eb","Sierra Pea",171516,0
"fc231965-f9e0-4f02-bcdf-bc962f8461a3","Prickly-leaf Teatree",50438,0
"fc302c39-20b4-4fd2-b157-0d52d5640d96","Rimmed Lichen",153593,0
"fc4e44e7-3712-4b38-a032-7ffa1f702688","Lyrate Rockcress",149613,0
"fc507b59-edfa-47f0-9a16-90dfa3217ee1","Valley Checkerbloom",95599,0
"fc51722c-74ca-437a-933e-023ef3049b9d","Eastern Swampprivet",220620,0
"fc5f8078-cee1-4e43-90c8-6729f2bf52e6","Halberd Willow",137528,0
"fcb6c43e-15e9-4d48-ae4b-32ab4aeca344","Threeflower Rush",218840,0
"fcbaaeb1-81c5-4814-b53a-9a19d10e767c","Fissidens Moss",240910,0
"fcf69891-ec6f-49ee-9c1a-ba1cd10b1d5a","Winecolor Iris",107407,0
"fd9881e2-7af2-41ef-818b-85f23f519b87","Eastern White Pine",164506,0
"fe7f0289-3ab4-4624-85d0-3783fa483543","Howard's Alpine Forget-me-not",67692,0
"fedf5bf1-d78b-4ff3-9f7e-cf9d82fa1581","Cutleaf Nightshade",65575,0
"ff548fe6-31d4-4ec0-a1c9-761cb6548d03","Fairy Orchid",230500,0
"ff63f2a4-cb88-4d89-9322-b5f70823fe87","Showy Forsythia",130322,0
"ff7d5ca5-a31b-4380-a06a-316f240bbb2f","Zanzibar Yam",37509,0
"ff9001b4-f194-43a3-a14e-f0864b52a8e9","Shoalweed",109873,0
"ffa65331-0e40-46df-b3c0-775c861f4665","Stool Iris",69570,0
"ffbfe4f4-f4f8-4a49-93ac-160495cda4ec","Cymodocea",236855,0
"ffc65215-b34d-4e6c-b725-a368059d2ee0","Northern Slender Lady's Tresses",161254,0
"ffcdd4e7-8d85-490e-b79f-2d883969e2e6","Serpentine Pseudoleskeella Moss",62423,0
"fff03384-bb23-4983-a0ff-0b0c208c35c5","Pine Flatsedge",154110,0
